transaction_id,customer_id,payment_method,amount,promo_id,time_id
1,740,Cash,9360.13,P01,61
2,229,Cash,34479.4,P01,355
3,232,Credit Card,8830.63,,69
4,996,Credit Card,22996.82,P03,126
5,893,Credit Card,28721.03,P02,219
6,237,Credit Card,43305.4,,87
7,414,Credit Card,24133.93,P01,59
8,312,E-Wallet,18076.05,P03,44
9,318,Credit Card,48984.08,P01,311
10,909,E-Wallet,29730.66,,275
11,171,Credit Card,19123.76,P02,215
12,900,Cash,12018.95,,160
13,496,E-Wallet,20365.03,P03,207
14,319,E-Wallet,35498.83,P03,12
15,861,Cash,38109.61,P03,214
16,59,Cash,5367.37,P03,276
17,323,Credit Card,44270.89,,41
18,545,Cash,6343.85,P03,322
19,750,Credit Card,14200.0,P03,256
20,385,Cash,33225.48,P01,14
21,965,Credit Card,47301.09,P03,332
22,23,E-Wallet,24013.33,P02,27
23,906,E-Wallet,40006.36,P03,158
24,390,Credit Card,41338.74,P02,21
25,424,Credit Card,43123.31,P03,254
26,193,Credit Card,49955.35,P01,344
27,753,Credit Card,31106.53,P03,30
28,798,E-Wallet,43672.16,P01,18
29,848,Credit Card,14333.87,,18
30,830,Credit Card,41488.85,,105
31,687,E-Wallet,39155.87,P01,163
32,278,Cash,28678.72,P03,25
33,643,E-Wallet,25896.43,P01,134
34,577,E-Wallet,30234.55,P01,254
35,919,E-Wallet,47187.71,P03,65
36,490,E-Wallet,7044.85,P03,104
37,278,E-Wallet,10275.07,P02,338
38,687,Cash,19469.32,P01,275
39,400,E-Wallet,8359.13,P01,140
40,41,Credit Card,29729.89,P01,91
41,361,Credit Card,32498.37,,127
42,229,E-Wallet,44357.0,,288
43,27,E-Wallet,7649.4,P01,101
44,661,Cash,18676.9,P01,343
45,453,E-Wallet,25414.61,P01,65
46,733,Credit Card,35915.88,P03,122
47,498,Credit Card,7195.76,P01,34
48,956,Cash,23782.88,,78
49,844,E-Wallet,39688.52,P01,8
50,184,Cash,17858.42,,362
51,781,Cash,11974.3,,90
52,197,E-Wallet,44673.99,P01,209
53,555,Credit Card,19925.93,,60
54,492,Credit Card,46711.69,P01,67
55,100,Credit Card,26370.54,P01,246
56,954,Credit Card,32673.05,P03,279
57,437,E-Wallet,35581.0,P01,111
58,551,Cash,47155.31,,84
59,373,E-Wallet,14543.35,P01,218
60,20,Credit Card,33223.69,P02,354
61,560,E-Wallet,33743.99,,144
62,453,E-Wallet,30174.34,P01,169
63,100,Credit Card,33223.37,P02,112
64,558,Cash,15284.31,,163
65,644,E-Wallet,19023.86,P03,340
66,147,Cash,37205.04,P02,346
67,57,E-Wallet,11994.94,P01,341
68,410,E-Wallet,13777.35,P01,310
69,76,E-Wallet,25304.31,,261
70,245,E-Wallet,25680.16,,241
71,199,Cash,10032.16,P02,194
72,985,Credit Card,30632.94,P02,349
73,282,Credit Card,7657.88,P02,126
74,95,Credit Card,11782.63,,118
75,266,Credit Card,13609.48,,304
76,318,Cash,35529.33,P03,313
77,216,Cash,49020.41,P01,169
78,986,E-Wallet,31696.59,,96
79,728,Credit Card,33018.71,P01,189
80,349,Credit Card,14081.88,P03,348
81,849,Cash,20612.63,P01,46
82,51,E-Wallet,16377.33,P03,272
83,220,Credit Card,39297.09,P01,277
84,492,E-Wallet,43848.7,P02,165
85,48,Cash,34930.27,P01,251
86,667,Cash,44497.86,,308
87,642,E-Wallet,13748.03,P01,339
88,657,E-Wallet,45356.13,P02,167
89,715,Credit Card,8266.86,P01,220
90,50,E-Wallet,44874.62,P02,171
91,64,E-Wallet,17745.97,,128
92,779,Credit Card,37083.66,P02,261
93,409,Credit Card,19709.36,P01,204
94,623,E-Wallet,49824.91,P01,304
95,238,Credit Card,5520.38,,114
96,100,Credit Card,13162.62,,222
97,973,E-Wallet,5555.51,P01,11
98,507,Cash,15850.19,P02,238
99,775,Credit Card,11633.58,P01,181
100,366,E-Wallet,39793.71,P03,298
101,594,Credit Card,34429.39,P01,27
102,839,Cash,39046.12,P03,14
103,756,Credit Card,18836.58,P01,362
104,57,Credit Card,6140.27,P01,47
105,771,Credit Card,44734.63,P01,116
106,968,E-Wallet,41253.84,P03,280
107,131,E-Wallet,7510.52,P03,248
108,208,E-Wallet,35377.83,P02,69
109,122,Cash,19950.33,P03,250
110,659,Credit Card,31319.45,P01,273
111,22,Credit Card,28240.78,P03,86
112,377,Cash,13312.83,P01,126
113,729,Cash,27175.87,P01,272
114,34,Credit Card,23892.62,,117
115,593,Credit Card,21667.24,,106
116,786,E-Wallet,35593.51,P02,143
117,730,Credit Card,34283.53,P03,238
118,203,Cash,45808.76,P02,141
119,635,Cash,49467.21,,321
120,335,E-Wallet,34309.5,P01,106
121,390,E-Wallet,17600.41,P02,288
122,455,E-Wallet,48402.29,P01,351
123,966,E-Wallet,35332.13,P01,179
124,343,Credit Card,31865.38,P01,295
125,883,Credit Card,49177.22,P01,70
126,775,Credit Card,35018.03,,10
127,723,Credit Card,14570.72,P03,111
128,4,E-Wallet,42468.39,P01,180
129,733,E-Wallet,19613.83,P01,61
130,527,E-Wallet,42465.67,P01,50
131,647,Cash,11441.35,P03,70
132,652,Credit Card,39237.54,P02,138
133,876,Credit Card,22963.93,,48
134,978,Cash,32709.58,P03,110
135,612,Cash,10376.52,P01,109
136,719,Cash,8003.77,,203
137,725,Credit Card,22615.93,,238
138,456,Cash,40247.65,P01,223
139,300,Cash,14432.11,P01,38
140,592,E-Wallet,47011.83,P02,250
141,499,Credit Card,14721.43,P01,190
142,997,Credit Card,39524.54,,331
143,385,E-Wallet,42873.23,P02,84
144,925,E-Wallet,47511.25,P02,76
145,17,Cash,32529.61,P02,204
146,150,Credit Card,49951.75,P03,174
147,700,Cash,39666.78,P02,342
148,148,E-Wallet,23006.73,P01,308
149,288,E-Wallet,37949.05,P01,292
150,161,Credit Card,28859.22,,102
151,757,Cash,37641.48,P03,130
152,596,Cash,48439.0,P02,13
153,914,E-Wallet,30665.63,,35
154,507,Cash,31450.52,,55
155,131,E-Wallet,12501.48,P01,166
156,794,E-Wallet,47374.1,,353
157,15,E-Wallet,38588.26,P02,105
158,194,E-Wallet,23409.3,P02,132
159,614,Credit Card,33287.63,,102
160,627,Credit Card,7265.46,P03,185
161,424,Cash,10666.53,P03,286
162,671,Credit Card,8217.51,P02,359
163,63,E-Wallet,5274.61,,349
164,755,Cash,47930.79,P03,284
165,938,Credit Card,35855.59,,221
166,554,E-Wallet,19338.89,P01,25
167,117,Cash,7525.02,P01,337
168,63,Cash,19057.26,P03,78
169,537,Credit Card,44295.39,P02,157
170,599,Cash,8235.45,P03,37
171,50,E-Wallet,30750.75,,338
172,843,Cash,28631.51,,280
173,92,Cash,14522.53,P02,153
174,504,Credit Card,8905.0,,289
175,334,Credit Card,42706.47,P03,5
176,216,E-Wallet,26223.73,P02,65
177,982,Cash,15677.5,P02,59
178,943,E-Wallet,17142.6,,80
179,142,E-Wallet,33447.43,P01,49
180,642,Cash,27921.58,P02,20
181,854,Cash,7298.94,P01,82
182,115,E-Wallet,17963.6,P03,28
183,959,E-Wallet,8062.87,,90
184,834,Cash,46914.56,P02,217
185,689,E-Wallet,5101.66,,355
186,435,E-Wallet,35405.38,P01,55
187,968,E-Wallet,42478.8,P02,302
188,802,Credit Card,25328.4,P03,101
189,135,Credit Card,37312.77,,321
190,891,Credit Card,27929.66,P02,23
191,915,Credit Card,25279.58,P03,142
192,178,E-Wallet,49777.93,P02,102
193,74,Credit Card,15971.17,,220
194,661,E-Wallet,21392.54,,328
195,232,Cash,28245.04,P01,24
196,844,Cash,9042.81,,204
197,241,Cash,12157.29,P01,123
198,656,E-Wallet,42829.51,P03,144
199,894,Credit Card,24014.41,P02,60
200,919,Credit Card,13816.65,,242
201,710,Cash,20752.24,,291
202,130,Cash,45986.99,P01,131
203,25,E-Wallet,5526.8,P02,180
204,252,E-Wallet,9539.27,,266
205,515,E-Wallet,14420.26,P01,15
206,4,E-Wallet,7728.61,,10
207,621,Credit Card,40559.4,P02,114
208,452,Cash,24301.11,P02,140
209,200,E-Wallet,38440.31,P01,33
210,246,E-Wallet,28495.69,P02,273
211,85,E-Wallet,27695.78,P02,291
212,355,E-Wallet,31801.34,P03,323
213,71,Cash,33706.55,,217
214,266,Cash,21259.99,P03,235
215,992,E-Wallet,16815.54,P02,269
216,185,Cash,16108.82,P01,20
217,516,E-Wallet,47928.42,P02,341
218,249,Cash,6954.05,P01,314
219,971,Credit Card,32490.86,P02,121
220,326,E-Wallet,46283.37,P01,80
221,894,Cash,15250.08,,134
222,540,E-Wallet,21318.71,P03,147
223,420,E-Wallet,24880.05,P02,185
224,284,Cash,5715.8,P01,236
225,884,E-Wallet,24277.16,P02,40
226,708,Credit Card,15455.83,P02,347
227,51,Credit Card,19513.3,P01,150
228,545,E-Wallet,16481.14,P02,232
229,513,E-Wallet,19418.51,P02,86
230,582,Credit Card,18781.89,,169
231,46,Cash,44865.33,P03,101
232,981,Credit Card,9097.18,P03,39
233,109,Cash,9032.53,P03,326
234,976,Cash,49534.11,,305
235,912,Cash,45684.18,,94
236,804,E-Wallet,7820.36,P01,282
237,38,Cash,35736.82,P03,208
238,847,Cash,33973.08,P01,317
239,962,Credit Card,12280.61,P02,65
240,733,Cash,9323.78,P02,197
241,163,E-Wallet,33325.83,P02,219
242,28,Cash,33948.38,,17
243,477,E-Wallet,39724.46,P03,268
244,474,Cash,40956.51,P02,234
245,147,Credit Card,45873.87,P03,33
246,870,Cash,32038.32,,173
247,120,Cash,27366.76,,171
248,883,Credit Card,39364.11,P02,241
249,367,Credit Card,39097.96,P03,178
250,49,Cash,25615.32,,281
251,854,Cash,35235.75,P03,304
252,601,Cash,16544.96,P03,156
253,829,Credit Card,43811.25,P03,40
254,111,Credit Card,47787.57,P01,36
255,755,E-Wallet,13378.11,,267
256,370,Cash,27197.51,P03,75
257,509,E-Wallet,27707.6,,124
258,229,Credit Card,29554.22,P02,189
259,234,Cash,8621.22,P03,212
260,844,Credit Card,7058.51,,299
261,100,Credit Card,41947.95,P01,315
262,221,Credit Card,18558.86,,112
263,630,E-Wallet,14771.2,P03,336
264,569,Cash,18130.07,P03,212
265,295,Credit Card,45771.08,P01,39
266,322,Cash,14415.44,,268
267,395,Cash,42483.17,P03,101
268,723,Cash,20410.05,P01,155
269,49,E-Wallet,28248.42,P01,277
270,217,Cash,42670.13,P01,197
271,859,E-Wallet,20598.53,P03,355
272,907,Cash,25403.92,P01,219
273,482,Cash,12155.4,P02,211
274,158,Credit Card,31908.06,,263
275,438,Credit Card,27884.54,P01,63
276,852,Cash,11364.38,,266
277,862,Credit Card,45814.69,P03,77
278,374,Cash,5611.86,P02,184
279,302,Credit Card,17144.47,,147
280,103,Cash,6598.59,,43
281,605,Credit Card,44347.02,,199
282,501,Cash,26985.31,P03,14
283,841,Credit Card,23876.91,P01,364
284,798,Cash,5124.19,P01,265
285,614,Credit Card,45108.85,P02,360
286,428,E-Wallet,7354.6,P02,148
287,161,Credit Card,9515.09,P02,313
288,176,Credit Card,25583.05,,223
289,498,Credit Card,42404.17,P01,326
290,785,Cash,29435.25,P02,308
291,790,Credit Card,12011.89,P02,136
292,395,E-Wallet,43780.13,P03,9
293,605,E-Wallet,7521.22,P01,315
294,298,Cash,8045.83,P03,206
295,567,E-Wallet,38230.25,P01,51
296,422,Cash,34077.87,P02,286
297,115,E-Wallet,48210.69,,194
298,889,Credit Card,45902.02,P02,210
299,214,Cash,22565.93,,71
300,771,E-Wallet,28357.65,P03,225
301,430,Credit Card,17346.53,,240
302,623,E-Wallet,43264.46,P01,40
303,598,Cash,38339.11,P01,52
304,72,Credit Card,43615.25,P02,298
305,263,Credit Card,41856.15,P02,171
306,254,E-Wallet,14600.48,P01,41
307,762,E-Wallet,26593.6,,132
308,611,E-Wallet,31093.03,,154
309,933,E-Wallet,7483.35,P01,363
310,17,E-Wallet,6462.54,P03,4
311,565,E-Wallet,31449.05,P02,125
312,711,Cash,27990.09,P03,337
313,581,Cash,11058.73,P02,159
314,547,Credit Card,31502.41,P03,270
315,39,E-Wallet,21308.52,P01,242
316,725,Cash,17960.18,,9
317,52,Cash,47456.16,P02,254
318,409,Credit Card,24735.91,P01,53
319,65,Cash,44678.17,P03,93
320,739,Cash,20254.47,P02,199
321,888,E-Wallet,41691.7,P01,168
322,240,Cash,31003.25,P01,184
323,308,E-Wallet,44531.69,,36
324,875,Credit Card,23725.04,P01,221
325,278,Credit Card,46047.96,P01,56
326,550,Credit Card,43054.36,P02,249
327,553,Credit Card,11398.34,P01,156
328,247,Cash,25081.27,P01,256
329,813,E-Wallet,9863.24,,117
330,223,Cash,25055.97,P02,311
331,111,E-Wallet,14748.65,P01,231
332,464,E-Wallet,39566.47,P03,141
333,973,Credit Card,44354.8,P02,1
334,58,Credit Card,39620.69,P03,26
335,175,Credit Card,5630.81,,86
336,498,E-Wallet,26725.7,P02,250
337,387,E-Wallet,28439.73,P02,54
338,859,E-Wallet,47543.26,,72
339,536,Cash,26660.17,P02,263
340,552,Cash,13761.52,,41
341,30,Cash,43556.32,P02,329
342,961,E-Wallet,32508.73,P02,245
343,706,Cash,15502.82,,307
344,905,Credit Card,39935.52,,22
345,646,Cash,17009.22,P01,2
346,43,E-Wallet,47427.81,P03,300
347,175,Credit Card,47535.11,P01,175
348,594,Credit Card,11066.01,P02,306
349,65,Cash,40736.74,,286
350,136,Cash,34278.5,P01,30
351,34,Cash,37516.94,,78
352,763,Credit Card,9696.07,P03,265
353,258,E-Wallet,5712.24,P03,223
354,924,Credit Card,38541.43,,240
355,794,Credit Card,46401.0,P02,46
356,566,E-Wallet,42838.97,,326
357,572,Cash,32023.08,P03,328
358,658,Credit Card,44160.68,P01,21
359,408,Credit Card,28693.69,,242
360,601,Credit Card,30597.63,P02,144
361,777,E-Wallet,49377.61,P03,253
362,692,Credit Card,35120.16,P02,284
363,852,Cash,45224.76,P03,206
364,281,E-Wallet,44578.39,P01,16
365,704,Cash,14361.57,P03,163
366,225,Cash,49101.96,P02,32
367,261,Credit Card,20022.94,,275
368,295,Credit Card,41816.57,P01,176
369,78,E-Wallet,6677.39,P02,182
370,731,Cash,7891.87,P02,149
371,90,E-Wallet,8789.78,P02,197
372,378,Cash,15869.03,,61
373,507,E-Wallet,49708.17,,351
374,933,Cash,42336.19,,354
375,796,E-Wallet,41591.39,P03,237
376,652,Cash,13681.7,P03,255
377,107,Credit Card,27135.76,,121
378,968,Credit Card,21669.51,P02,272
379,368,Cash,12357.74,,287
380,799,Cash,29220.54,P02,230
381,594,Credit Card,26413.62,,305
382,51,E-Wallet,20856.71,P01,300
383,179,E-Wallet,39077.54,P02,359
384,642,E-Wallet,34175.08,P03,240
385,247,Credit Card,17709.46,,341
386,174,Credit Card,32775.17,P01,196
387,418,Cash,11628.53,P03,358
388,722,E-Wallet,23807.22,,293
389,665,Cash,45235.06,,37
390,631,Cash,26424.38,P01,276
391,993,Cash,11599.36,P02,340
392,902,Cash,40347.38,P03,251
393,538,Cash,30111.48,P01,172
394,320,Credit Card,6311.11,P01,121
395,529,Cash,48717.28,P01,102
396,420,Cash,43972.62,P03,279
397,23,Cash,13138.47,P01,301
398,962,E-Wallet,7144.21,,178
399,315,E-Wallet,5927.39,P02,100
400,484,Cash,19567.66,,184
401,615,Cash,6010.12,,106
402,674,Cash,19732.9,P02,4
403,946,Cash,48023.81,,140
404,978,E-Wallet,14223.2,P02,69
405,155,Cash,10130.37,,332
406,454,Cash,34099.23,P02,360
407,888,E-Wallet,15922.6,P02,103
408,428,Cash,21152.63,P01,149
409,360,E-Wallet,33055.88,P03,114
410,718,Cash,43591.21,P01,16
411,768,E-Wallet,36445.53,P02,207
412,917,Cash,33693.15,,301
413,132,Credit Card,22707.36,P03,349
414,600,Cash,21245.47,,90
415,111,Credit Card,35278.43,P02,234
416,172,Cash,30051.04,P01,314
417,527,E-Wallet,26733.07,P02,146
418,685,Cash,14296.56,,263
419,737,E-Wallet,30250.51,,122
420,320,E-Wallet,18625.57,P01,45
421,818,E-Wallet,38059.42,P01,275
422,496,E-Wallet,22760.77,,116
423,730,E-Wallet,30142.95,P02,80
424,564,Credit Card,49857.15,P02,17
425,147,Credit Card,16396.27,P02,191
426,563,Credit Card,19282.84,P02,62
427,911,Cash,35827.29,P02,195
428,73,Cash,36897.76,P03,120
429,620,E-Wallet,19472.5,P02,65
430,537,E-Wallet,26514.1,P02,320
431,469,E-Wallet,39839.8,P03,96
432,673,Cash,19941.02,P02,317
433,296,Credit Card,6170.61,P02,14
434,530,E-Wallet,48432.42,P03,194
435,203,Cash,29107.97,P03,343
436,988,Cash,36679.06,P01,221
437,293,E-Wallet,28543.88,,330
438,31,E-Wallet,15152.38,P01,182
439,34,Cash,39157.39,P02,335
440,469,Credit Card,7210.63,,293
441,558,Credit Card,33086.26,P01,260
442,510,E-Wallet,49997.49,P02,95
443,145,Credit Card,30802.02,,310
444,10,Cash,6525.4,,341
445,569,Credit Card,21661.52,P01,181
446,403,E-Wallet,5942.26,P02,49
447,52,E-Wallet,47083.4,P03,201
448,404,E-Wallet,28714.68,,353
449,929,E-Wallet,27718.79,P01,304
450,554,Credit Card,45964.41,P03,124
451,747,Cash,43952.84,,339
452,316,Cash,17161.03,P03,211
453,345,Cash,33125.17,P03,37
454,919,Cash,42545.89,P02,225
455,791,Credit Card,12282.15,P02,71
456,653,Cash,13658.55,,254
457,281,Credit Card,20502.56,,239
458,197,Credit Card,49040.5,,157
459,805,Credit Card,26081.52,P02,84
460,389,Credit Card,37062.41,P02,258
461,68,E-Wallet,7682.1,P01,7
462,405,Cash,49293.05,P01,231
463,146,Credit Card,19121.7,P02,225
464,646,E-Wallet,28168.98,,295
465,870,Cash,11654.29,P03,313
466,525,Credit Card,7852.2,P01,89
467,910,Cash,20427.05,P02,232
468,812,E-Wallet,19731.25,P02,45
469,849,Credit Card,48666.89,P03,305
470,288,Credit Card,19227.19,,4
471,665,Credit Card,48056.38,,167
472,299,Cash,7771.09,P02,286
473,392,Credit Card,26125.56,P03,64
474,974,Credit Card,29068.12,P01,218
475,1,E-Wallet,27359.61,P03,272
476,914,Credit Card,32532.75,P02,104
477,565,E-Wallet,25267.09,P02,326
478,482,E-Wallet,17981.42,,45
479,493,Credit Card,44910.48,P03,173
480,402,Cash,48160.64,P01,314
481,254,Cash,19865.39,P03,110
482,175,Credit Card,38806.76,,17
483,752,Cash,7584.96,P02,350
484,133,E-Wallet,16590.94,P02,248
485,887,E-Wallet,8981.37,P01,38
486,693,Credit Card,5926.55,P02,340
487,668,Credit Card,18271.88,P01,350
488,863,E-Wallet,29480.01,P03,154
489,154,Credit Card,17431.15,,32
490,274,Cash,46000.91,P02,357
491,55,Credit Card,7883.54,P02,210
492,707,Cash,17555.82,P02,341
493,479,E-Wallet,33814.72,P03,252
494,852,E-Wallet,41332.24,P02,120
495,890,Credit Card,45101.12,P01,294
496,624,Cash,11980.27,P01,41
497,594,Cash,32698.92,P03,213
498,414,Credit Card,43575.92,P01,292
499,703,E-Wallet,30095.04,,142
500,48,E-Wallet,37885.76,P02,164
501,8,Cash,6539.86,P03,333
502,305,Cash,22025.64,P02,90
503,651,Cash,35991.43,P03,74
504,153,Cash,15016.95,,291
505,551,Cash,37529.81,P03,247
506,403,E-Wallet,21253.52,P02,289
507,158,Cash,45139.0,P02,353
508,589,Cash,10804.77,,114
509,745,Cash,45895.63,,46
510,640,Credit Card,14672.18,P03,146
511,681,Credit Card,18863.62,P03,124
512,978,E-Wallet,7448.34,P03,201
513,964,Credit Card,45559.0,P01,39
514,216,E-Wallet,12628.12,,194
515,326,E-Wallet,32636.75,P03,239
516,654,Cash,5394.88,P02,284
517,516,Credit Card,13169.02,,306
518,123,Cash,28520.8,P03,16
519,870,Credit Card,10796.16,P02,287
520,166,E-Wallet,15622.1,P02,76
521,788,Cash,26841.33,,284
522,343,Credit Card,22345.04,P03,234
523,701,E-Wallet,17598.78,P02,171
524,254,Credit Card,25091.32,P01,131
525,17,E-Wallet,17062.48,P03,30
526,217,Cash,17359.65,P02,96
527,474,Credit Card,21535.45,P02,65
528,691,E-Wallet,42161.13,P01,213
529,217,Credit Card,32222.63,,179
530,66,Credit Card,32598.74,P03,28
531,705,E-Wallet,6283.23,,315
532,941,Credit Card,49397.46,P03,6
533,923,E-Wallet,26971.19,P03,245
534,645,Credit Card,24911.46,P03,67
535,210,Credit Card,46433.45,,68
536,25,Cash,6022.0,P01,78
537,429,Credit Card,21811.68,P03,297
538,449,Credit Card,8733.71,,350
539,575,Credit Card,41764.97,P02,281
540,472,E-Wallet,12867.89,P01,137
541,180,E-Wallet,12114.74,P01,236
542,354,Cash,13649.69,P03,47
543,679,E-Wallet,47349.92,P01,345
544,845,E-Wallet,21596.98,P01,278
545,760,E-Wallet,5155.03,P01,44
546,202,Cash,13545.27,P03,192
547,206,Credit Card,36232.94,P03,164
548,607,Credit Card,39360.84,P01,293
549,303,Credit Card,39125.55,P03,239
550,791,Cash,18926.3,P02,220
551,10,E-Wallet,49390.71,P01,214
552,586,Cash,13150.18,,26
553,361,Credit Card,9822.72,,98
554,741,E-Wallet,30493.39,P01,68
555,121,Cash,17132.57,P02,39
556,169,Cash,11403.04,P03,189
557,307,Credit Card,34925.83,P01,143
558,882,Cash,21426.83,P03,137
559,689,Credit Card,32838.49,P02,99
560,203,E-Wallet,47018.74,P01,175
561,309,Credit Card,21659.4,P01,170
562,222,E-Wallet,20314.23,P01,47
563,789,Cash,10960.74,P02,217
564,610,Credit Card,29357.88,,146
565,903,Cash,37504.89,P01,40
566,673,Cash,41818.5,P01,188
567,575,E-Wallet,41491.21,P03,251
568,231,E-Wallet,49649.18,P01,351
569,670,Cash,7015.37,P01,166
570,866,E-Wallet,33988.81,,82
571,291,Credit Card,29958.84,P02,253
572,708,Credit Card,42674.61,P02,57
573,420,Cash,7071.17,P02,34
574,231,E-Wallet,22965.63,P03,34
575,877,E-Wallet,29383.68,P03,224
576,275,Cash,22754.93,P02,200
577,915,Credit Card,37000.73,,45
578,38,E-Wallet,45766.19,P01,251
579,173,Credit Card,45901.86,P03,73
580,191,Credit Card,31655.17,P02,139
581,990,E-Wallet,21404.39,P03,338
582,478,Credit Card,16422.55,P02,3
583,565,Cash,34318.51,P03,28
584,100,Cash,43087.4,P01,170
585,619,Credit Card,26628.36,P01,297
586,907,Credit Card,21323.52,P02,30
587,162,Cash,43014.53,P03,205
588,806,E-Wallet,12203.42,P02,55
589,461,E-Wallet,49278.5,,330
590,284,Credit Card,32682.21,P01,271
591,399,Credit Card,30470.77,P03,247
592,70,E-Wallet,38651.51,P03,356
593,8,E-Wallet,28104.89,P03,34
594,177,Credit Card,14002.47,P03,144
595,390,E-Wallet,16566.52,,282
596,884,Credit Card,19967.74,,307
597,588,E-Wallet,41209.05,,252
598,623,Cash,40357.64,,164
599,294,E-Wallet,13968.76,P01,104
600,856,Cash,39964.17,P02,149
601,256,E-Wallet,36534.09,P02,351
602,11,Credit Card,22447.25,P02,203
603,878,Cash,44082.65,,306
604,491,Credit Card,17519.83,P02,2
605,44,Cash,8122.66,,274
606,341,E-Wallet,46377.19,P03,273
607,156,Cash,13983.76,P02,71
608,636,E-Wallet,14436.98,P03,272
609,626,Credit Card,14393.6,P03,124
610,812,Cash,6217.73,,150
611,967,Credit Card,48780.72,,209
612,25,Credit Card,35758.35,P02,99
613,196,Cash,26711.46,P01,348
614,957,E-Wallet,14917.23,P02,17
615,12,E-Wallet,34680.7,P03,277
616,991,E-Wallet,8974.87,,152
617,33,Cash,48848.62,,48
618,738,E-Wallet,18833.78,P01,312
619,35,E-Wallet,11921.59,P02,56
620,531,Credit Card,40316.42,P01,84
621,112,Credit Card,27139.48,,233
622,631,Credit Card,42418.18,,34
623,389,Cash,24974.82,P03,156
624,970,E-Wallet,23316.79,,52
625,746,Credit Card,33361.4,P01,290
626,280,Cash,7636.87,P01,73
627,411,Cash,49518.89,,256
628,128,Cash,49212.62,P01,41
629,102,E-Wallet,13343.38,P01,220
630,978,Cash,24079.44,P03,168
631,210,Cash,19078.63,P02,3
632,63,Cash,44084.3,,112
633,214,Credit Card,47429.6,P03,72
634,832,E-Wallet,10449.02,,17
635,927,Cash,43201.94,P01,202
636,712,Credit Card,31676.03,,54
637,660,Credit Card,14230.97,P03,251
638,697,E-Wallet,49506.39,P03,43
639,40,Cash,28254.79,P03,194
640,480,E-Wallet,27022.51,P03,22
641,512,Cash,31461.47,P03,301
642,764,Credit Card,46865.47,P01,90
643,947,E-Wallet,11290.12,P02,49
644,473,Cash,37382.21,P03,360
645,590,Cash,10845.72,P03,334
646,305,Credit Card,20269.86,,204
647,74,E-Wallet,23168.21,P02,111
648,283,Credit Card,7246.51,,261
649,66,Credit Card,20075.27,P01,169
650,770,E-Wallet,27016.24,P01,131
651,224,Credit Card,24371.23,P02,148
652,131,Cash,10303.79,,290
653,587,E-Wallet,9531.02,P01,296
654,277,Credit Card,13149.05,P02,313
655,869,Credit Card,8533.32,P03,129
656,969,Credit Card,49213.06,,87
657,809,E-Wallet,25033.04,P01,157
658,577,Cash,33334.76,P01,283
659,698,Credit Card,38745.81,P03,138
660,925,Cash,9309.56,P01,94
661,837,E-Wallet,16005.04,P03,120
662,822,Cash,36790.86,P01,168
663,485,Credit Card,10502.69,P02,334
664,789,Credit Card,7081.67,,126
665,173,Credit Card,5677.72,P02,104
666,431,E-Wallet,21793.59,P03,168
667,734,E-Wallet,43141.76,P03,66
668,464,Credit Card,19513.7,P02,208
669,97,Credit Card,37371.92,,5
670,368,Cash,33062.76,,354
671,51,E-Wallet,35875.23,P03,163
672,931,Credit Card,7044.54,P03,108
673,94,Credit Card,11745.98,P03,263
674,26,Credit Card,33617.66,,6
675,456,Credit Card,15016.41,P02,293
676,781,Cash,32327.17,,168
677,330,E-Wallet,40656.96,P03,92
678,931,E-Wallet,37398.18,,296
679,689,Cash,20333.78,P03,271
680,634,Credit Card,25588.68,P03,86
681,884,Credit Card,29649.02,P03,220
682,853,E-Wallet,7662.06,,19
683,737,E-Wallet,14907.01,P01,70
684,750,Credit Card,19769.53,,246
685,206,Credit Card,22027.25,P02,334
686,998,Cash,41949.38,P01,257
687,89,Credit Card,23163.11,P01,48
688,326,Cash,48809.5,,276
689,829,E-Wallet,38635.86,P01,94
690,423,Cash,49020.97,P02,303
691,504,E-Wallet,18169.41,,41
692,642,Credit Card,21817.38,P02,170
693,812,Cash,22520.95,P03,138
694,966,Credit Card,44250.94,P01,33
695,573,E-Wallet,9853.85,,36
696,480,Cash,14975.79,P02,279
697,988,E-Wallet,39832.01,P03,98
698,47,Cash,45290.8,P01,124
699,157,Credit Card,8135.84,P03,167
700,464,E-Wallet,21095.1,P01,308
701,189,E-Wallet,37020.75,P01,177
702,247,Cash,47088.82,P02,6
703,549,Credit Card,11821.12,P02,45
704,173,Cash,42090.26,P03,158
705,325,E-Wallet,42742.52,P03,28
706,315,E-Wallet,38120.55,,187
707,770,E-Wallet,13762.82,P03,171
708,779,Cash,38089.31,P01,61
709,612,Cash,42549.29,P03,72
710,484,Credit Card,12068.09,P01,304
711,875,Credit Card,5838.43,P02,172
712,999,Credit Card,49290.01,P03,231
713,471,E-Wallet,22623.78,P02,354
714,931,Cash,12711.45,P01,298
715,134,E-Wallet,36333.5,,324
716,545,Cash,43074.7,P01,306
717,283,E-Wallet,38079.05,P01,360
718,530,Cash,34533.14,P02,342
719,947,E-Wallet,46528.67,P01,236
720,222,Cash,44520.63,P03,254
721,717,Credit Card,38925.51,P01,19
722,795,E-Wallet,38574.09,P01,95
723,255,Credit Card,16625.24,P02,360
724,92,Cash,42113.16,P03,92
725,834,Cash,14588.85,P03,241
726,811,Credit Card,22616.11,,356
727,158,Cash,7604.21,P03,301
728,971,Credit Card,45849.91,P01,96
729,933,Credit Card,6063.78,P03,29
730,103,E-Wallet,34023.13,P01,320
731,773,Cash,16594.56,P03,76
732,738,Credit Card,15967.07,P02,362
733,18,Cash,45578.41,P01,171
734,276,Cash,37319.01,P03,43
735,782,Credit Card,10286.97,P01,92
736,723,E-Wallet,35711.06,P03,127
737,60,E-Wallet,18499.3,P02,9
738,887,E-Wallet,14495.96,P01,137
739,162,Credit Card,36062.46,,267
740,124,Credit Card,43944.66,P03,112
741,828,E-Wallet,9035.58,P01,195
742,915,Cash,49189.3,P01,67
743,245,Cash,48748.15,,250
744,490,Cash,37095.91,P03,326
745,354,E-Wallet,25056.43,,149
746,371,E-Wallet,9201.96,P02,356
747,271,E-Wallet,46845.69,P03,151
748,414,E-Wallet,11089.27,,47
749,18,E-Wallet,27425.65,P01,108
750,22,Cash,39325.35,P02,256
751,50,E-Wallet,15509.04,P01,28
752,1000,E-Wallet,43419.8,,31
753,74,Cash,11633.48,P01,260
754,841,E-Wallet,11279.79,P03,115
755,252,Cash,44655.54,P02,217
756,828,Cash,38927.76,P02,115
757,736,Credit Card,38072.25,,191
758,34,Credit Card,21821.42,P01,251
759,285,Credit Card,6937.23,P02,115
760,963,Cash,22855.7,P01,46
761,683,Cash,48506.39,P02,359
762,106,Credit Card,48842.89,P03,310
763,999,E-Wallet,44747.19,,155
764,61,Cash,22398.65,P02,166
765,775,E-Wallet,19862.72,P01,285
766,738,Cash,11310.57,P03,257
767,860,E-Wallet,37439.55,,343
768,670,Cash,47675.13,,316
769,512,E-Wallet,46020.01,P03,158
770,984,Cash,29405.17,P03,74
771,297,Credit Card,9831.92,,254
772,54,Credit Card,33988.63,,145
773,601,Cash,37327.74,P03,204
774,489,Credit Card,48496.05,P03,185
775,115,Cash,26617.23,P02,119
776,910,Cash,19334.12,,314
777,793,Credit Card,41919.77,P03,244
778,654,Credit Card,11133.98,P02,216
779,884,Credit Card,18696.07,P03,139
780,676,Credit Card,34409.72,,35
781,969,Credit Card,29582.3,P03,304
782,831,Cash,30991.23,P02,44
783,123,Credit Card,21984.18,P03,345
784,319,E-Wallet,36463.38,,64
785,527,Credit Card,24405.32,P03,116
786,940,E-Wallet,22004.94,,309
787,398,Credit Card,21742.98,,304
788,217,Cash,31650.71,P03,339
789,174,E-Wallet,10721.45,P02,13
790,101,Cash,13518.2,,259
791,773,Cash,21681.04,P03,324
792,863,Credit Card,23953.44,,21
793,969,Cash,25035.9,P01,76
794,669,Cash,9395.72,P01,203
795,147,Cash,37061.49,P03,5
796,597,Cash,26109.44,P01,163
797,78,E-Wallet,44047.34,P03,208
798,111,Cash,15181.13,,15
799,651,Credit Card,17437.2,P03,160
800,891,E-Wallet,28245.85,P03,321
801,746,E-Wallet,6696.57,P02,81
802,319,Cash,45028.06,P03,30
803,564,E-Wallet,41095.38,P03,229
804,561,Credit Card,42110.19,,52
805,601,Cash,45490.13,P03,288
806,60,Credit Card,23776.15,P03,185
807,575,Cash,29970.82,P02,301
808,610,Cash,19213.55,,263
809,102,Cash,5125.13,,188
810,792,E-Wallet,33482.04,P02,359
811,130,Credit Card,6807.31,P01,347
812,529,Credit Card,19218.32,P03,85
813,794,E-Wallet,35883.82,,130
814,283,E-Wallet,10503.63,P02,193
815,497,E-Wallet,33660.54,P03,47
816,759,Cash,46143.89,P01,44
817,452,Credit Card,7711.02,P02,332
818,159,Cash,36756.29,P01,7
819,525,Credit Card,38162.0,,39
820,791,E-Wallet,14165.68,P03,246
821,8,E-Wallet,43703.36,P03,321
822,348,E-Wallet,49439.54,,69
823,461,E-Wallet,16860.57,P03,69
824,420,Credit Card,25305.93,P01,115
825,632,E-Wallet,6509.35,,235
826,528,Cash,40461.54,P01,216
827,418,Cash,44744.1,P03,129
828,916,Credit Card,49876.82,,114
829,170,E-Wallet,21309.57,,263
830,301,E-Wallet,27658.24,P02,139
831,933,Cash,21487.56,P02,92
832,651,Cash,46510.63,P02,277
833,957,Credit Card,11733.6,,321
834,698,Credit Card,24143.26,,69
835,613,Cash,20352.58,P03,268
836,85,Cash,10941.56,P03,150
837,957,Cash,45497.94,P03,162
838,880,Cash,11936.18,,294
839,996,Credit Card,6675.94,P02,73
840,851,Cash,42507.32,P02,88
841,715,Credit Card,11291.83,,358
842,712,E-Wallet,34135.09,P02,127
843,950,E-Wallet,16442.89,P01,355
844,975,E-Wallet,17439.49,P02,261
845,703,Cash,15385.25,P02,202
846,611,Cash,46999.68,,34
847,544,Credit Card,7205.59,P01,79
848,177,Credit Card,37615.3,P03,6
849,823,E-Wallet,37435.22,,17
850,747,E-Wallet,42995.81,P02,266
851,807,E-Wallet,19119.58,P02,257
852,589,Credit Card,12256.6,P03,74
853,642,Cash,29031.42,P02,218
854,912,E-Wallet,14408.19,P03,250
855,713,Credit Card,24798.55,P01,360
856,83,Credit Card,9629.77,P01,33
857,82,Cash,11084.89,,184
858,863,Credit Card,26186.27,P02,206
859,59,Credit Card,46670.08,P03,45
860,88,Cash,19890.95,P03,75
861,934,E-Wallet,36864.21,P02,324
862,242,Cash,6456.55,P03,342
863,298,E-Wallet,21185.46,P02,158
864,718,E-Wallet,9181.76,P02,31
865,378,E-Wallet,23395.19,P02,19
866,238,E-Wallet,27063.02,P01,272
867,75,Credit Card,41141.03,P01,3
868,896,Cash,49515.58,P03,39
869,627,Cash,14218.42,P02,69
870,335,Cash,39528.16,P01,69
871,470,E-Wallet,21254.17,,239
872,579,Cash,34236.18,P01,314
873,46,Cash,25705.13,,40
874,578,Cash,9772.52,P02,339
875,175,Cash,44120.72,P03,209
876,117,Cash,10724.05,,254
877,113,Cash,35531.38,,130
878,460,Credit Card,19106.0,P02,16
879,572,E-Wallet,47602.91,P03,330
880,123,Cash,29395.91,P01,253
881,988,Cash,20984.76,P01,325
882,560,Credit Card,14865.18,,119
883,848,Cash,44401.95,P03,32
884,620,Cash,32000.92,,340
885,809,Credit Card,36295.26,,338
886,402,E-Wallet,37971.22,P02,84
887,199,E-Wallet,41563.85,P03,86
888,974,Credit Card,30447.48,,229
889,141,E-Wallet,45640.93,P03,296
890,329,E-Wallet,23391.49,,147
891,420,E-Wallet,10065.06,,237
892,802,E-Wallet,27322.08,P02,138
893,87,E-Wallet,45830.43,P01,63
894,18,Credit Card,16432.82,P01,301
895,613,E-Wallet,36377.62,,48
896,328,Cash,6316.99,P03,56
897,247,Credit Card,28533.34,P03,146
898,391,E-Wallet,44279.52,,152
899,275,Cash,6906.92,P02,266
900,744,E-Wallet,38578.0,P02,139
901,871,Credit Card,19045.48,P01,161
902,721,Cash,23728.23,P01,35
903,428,E-Wallet,14639.22,,150
904,873,E-Wallet,7192.17,,97
905,516,Credit Card,26388.22,P01,273
906,661,Credit Card,48845.38,P03,76
907,610,Credit Card,24758.87,P03,9
908,947,E-Wallet,37065.59,P03,70
909,88,Credit Card,24238.05,P02,131
910,963,Credit Card,7748.52,,351
911,242,Cash,41940.48,,342
912,372,E-Wallet,34732.14,P01,345
913,6,E-Wallet,22837.76,P03,346
914,112,E-Wallet,43274.21,P01,351
915,457,Cash,22220.44,P02,349
916,414,Credit Card,16681.55,P03,86
917,884,E-Wallet,29134.25,P01,334
918,50,Cash,23338.07,P01,83
919,441,Credit Card,17927.04,P02,305
920,184,Credit Card,11804.39,P03,73
921,816,E-Wallet,23314.08,P03,17
922,675,E-Wallet,20957.25,P03,163
923,446,Credit Card,10655.59,P01,52
924,48,Cash,15550.35,P01,169
925,529,Credit Card,23187.62,P02,52
926,840,Credit Card,24457.4,P01,10
927,485,Cash,39260.35,,7
928,665,Cash,6990.05,,257
929,625,E-Wallet,46070.51,,281
930,655,Cash,11081.61,P03,107
931,409,Cash,38635.69,P01,250
932,71,Credit Card,21108.54,P02,271
933,351,Credit Card,43804.41,P02,183
934,819,Credit Card,7382.36,P02,316
935,743,Credit Card,47325.27,P03,13
936,149,E-Wallet,35299.39,P03,206
937,932,Cash,36100.38,P02,154
938,303,Credit Card,40213.48,P02,361
939,796,E-Wallet,28490.81,,190
940,642,E-Wallet,28279.68,P03,363
941,310,Cash,45506.3,P01,142
942,168,Cash,29339.7,P01,29
943,7,Credit Card,45004.67,P03,223
944,342,Credit Card,43373.94,,340
945,228,Credit Card,43280.44,P02,92
946,330,Credit Card,12513.24,P03,361
947,796,Cash,37258.11,P01,280
948,871,E-Wallet,34711.92,P02,64
949,306,E-Wallet,49137.23,P02,341
950,789,E-Wallet,43663.3,P02,227
951,284,E-Wallet,28205.33,P01,223
952,433,Credit Card,28783.12,P03,8
953,104,Credit Card,30648.98,P03,316
954,482,E-Wallet,29321.61,P01,175
955,783,Cash,48568.75,,281
956,882,E-Wallet,14991.77,P03,270
957,763,E-Wallet,23900.27,P03,172
958,331,E-Wallet,40001.38,,149
959,810,Cash,42079.73,P01,252
960,790,Credit Card,49546.13,P02,156
961,321,Credit Card,11239.96,,281
962,490,Cash,33930.65,P02,259
963,967,E-Wallet,6904.02,P01,208
964,769,Credit Card,39426.69,,360
965,325,E-Wallet,20552.6,P03,39
966,820,Cash,39779.4,,320
967,47,Cash,46272.82,P02,191
968,758,Credit Card,16425.92,,3
969,160,E-Wallet,39647.8,P03,90
970,445,Credit Card,37541.21,P02,49
971,677,Credit Card,34778.62,P02,123
972,217,E-Wallet,45130.79,P01,2
973,20,Credit Card,10024.57,P02,287
974,982,E-Wallet,34767.3,P03,326
975,293,Cash,46951.01,P01,296
976,424,Credit Card,49352.64,P02,68
977,458,Cash,28019.57,P01,297
978,470,E-Wallet,9161.23,,81
979,153,E-Wallet,37210.06,P03,195
980,722,Credit Card,37389.38,P01,97
981,331,E-Wallet,7121.09,P01,270
982,158,E-Wallet,43660.61,P01,58
983,485,E-Wallet,10748.49,P01,332
984,445,E-Wallet,44998.19,,140
985,800,Credit Card,27957.77,,78
986,399,Credit Card,26325.5,P01,361
987,796,Cash,28704.88,,316
988,48,Credit Card,45329.31,P01,261
989,338,Cash,28462.91,P02,79
990,59,E-Wallet,23889.67,,43
991,193,Cash,27063.38,P02,49
992,688,Credit Card,29972.64,P02,220
993,259,Cash,33274.27,P03,138
994,242,Credit Card,9109.36,,284
995,322,Credit Card,47470.19,P02,8
996,326,E-Wallet,17901.83,P03,361
997,313,Cash,10912.13,P03,337
998,986,E-Wallet,49739.52,P02,259
999,161,Credit Card,21555.85,P02,169
1000,488,Cash,11836.69,,136
